[
  {
    "musteri": "NEBBIA",
    "urunAciklama": "Seamless V2 -Tayt",
    "urunIcerik": "NYLON + ELASTAN",
    "tarih": "2025-07-04",
    "teslimTarihi": "2025-08-01",
    "orgu": "",
    "dikim": "",
    "uretim": "Numune rengi : Siyah",
    "pazarlama": "",
    "durum": "Müşteriye Gönderildi",
    "guncellemeTarihi": "05.08.2025 23:21:30",
    "guncelleyenKisi": "Sistem Yöneticisi",
    "artNo": "16799",
    "costArtNo": "496",
    "numuneUcreti": 10,
    "orguImages": [
      {
        "id": 1754400357414.3442,
        "url": "http://localhost:3001/uploads/image-1754400357243-56071714.png",
        "name": "image-1754400357243-56071714.png",
        "number": 1,
        "isSaved": true
      },
      {
        "id": 1754400357504.6238,
        "url": "http://localhost:3001/uploads/image-1754400357428-586666336.png",
        "name": "image-1754400357428-586666336.png",
        "number": 2,
        "isSaved": true
      }
    ],
    "dikimImages": [],
    "uretimImages": [],
    "pazarlamaImages": [],
    "resimler": []
  },
  {
    "musteri": "NEBBIA",
    "urunAciklama": "Seamless v2- String Body",
    "urunIcerik": "44/1 Ny+22 ny",
    "tarih": "2025-07-17",
    "teslimTarihi": "",
    "orgu": "[Resim #1]Örnek slip bodynin alt kısmı string olacak şekilde güncellenecek , stringin bacak açıklığı 2cm yükseltilecek.",
    "dikim": "",
    "uretim": "",
    "pazarlama": "",
    "durum": "Boyada",
    "guncellemeTarihi": "05.08.2025 17:45:29",
    "guncelleyenKisi": "Sistem Yöneticisi",
    "artNo": "17066 - 17067",
    "costArtNo": "502",
    "numuneUcreti": 5,
    "orguImages": [
      {
        "id": 1754401605699.8467,
        "url": "http://localhost:3001/uploads/image-1754401605670-668879175.png",
        "name": "image-1754401605670-668879175.png",
        "number": 1,
        "isSaved": true
      }
    ],
    "dikimImages": [],
    "uretimImages": [],
    "pazarlamaImages": [],
    "resimler": []
  },
  {
    "musteri": "NEBBIA",
    "urunAciklama": "Seamless V2 - BRA",
    "urunIcerik": "nylon+ elastan",
    "tarih": "2025-06-25",
    "teslimTarihi": "",
    "orgu": "+R2 'de lastik ekledik kemer genişliği ve ürünün orta boyu 2cm kadar arttırıldı.",
    "dikim": "*Ürünün yaka açıklığı kıl lastik veya katlanır lastik  ile yapılacak.\n*Yanlardan çift katlama biye çekilecek. \n* 1 ader ayar ve halka ile enseden geçirilecek şekilde birleştirilecek.\n* Ürünün arka kısmına dokuma \"NEBBIA\" yazılı lastik takılacak. Örnek numunede olduğu gibi",
    "uretim": "- Siyah renk  numune.",
    "pazarlama": "",
    "durum": "Boyada",
    "guncellemeTarihi": "05.08.2025 17:23:15",
    "guncelleyenKisi": "Sistem Yöneticisi",
    "artNo": "15632 - r2",
    "costArtNo": "495",
    "numuneUcreti": 0,
    "orguImages": [],
    "dikimImages": [],
    "uretimImages": [],
    "pazarlamaImages": [],
    "resimler": [
      "http://localhost:3001/uploads/image-1754394955222-219811808.png",
      "http://localhost:3001/uploads/image-1754394955253-860284962.png",
      "http://localhost:3001/uploads/image-1754394955277-447709750.png"
    ]
  },
  {
    "musteri": "NEBBIA",
    "urunAciklama": "Seamless V2",
    "urunIcerik": "Nylon + Elastan",
    "tarih": "2025-07-17",
    "teslimTarihi": "2025-08-01",
    "orgu": "\n[Resim #1]-On kisima N logosu gorseldeki konum ile eklenecek\n-[Resim #2]Arkadaki logo ortalanacak\n302 ve 303 modellerinde kullanilan scrunch ve push up kullanilacak",
    "dikim": "",
    "uretim": "",
    "pazarlama": "",
    "durum": "Müşteriye Gönderildi",
    "guncellemeTarihi": "05.08.2025 17:18:23",
    "guncelleyenKisi": "Sistem Yöneticisi",
    "artNo": "16800",
    "costArtNo": "497",
    "numuneUcreti": 0,
    "orguImages": [
      {
        "id": 1754403478561.0388,
        "url": "http://localhost:3001/uploads/image-1754403478390-998848290.png",
        "name": "image-1754403478390-998848290.png",
        "number": 1,
        "isSaved": true
      },
      {
        "id": 1754403478788.4597,
        "url": "http://localhost:3001/uploads/image-1754403478576-542157396.png",
        "name": "image-1754403478576-542157396.png",
        "number": 2,
        "isSaved": true
      }
    ],
    "dikimImages": [],
    "uretimImages": [],
    "pazarlamaImages": [],
    "resimler": []
  },
  {
    "musteri": "CUERA",
    "urunAciklama": "Tenis Etek",
    "urunIcerik": "",
    "tarih": "2025-07-17",
    "teslimTarihi": "",
    "orgu": "",
    "dikim": "",
    "uretim": "",
    "pazarlama": "ilk numuneyi gönderip Müşterinin kritiklerini bekleyeceğiz. Müşteri sadece eteğin pilelerini ve Kemerdeki arka cep i değerlendirmesini bekleyeceğiz.",
    "durum": "Tamamlandı",
    "guncellemeTarihi": "05.08.2025 17:51:34",
    "guncelleyenKisi": "Sistem Yöneticisi",
    "artNo": "13209",
    "costArtNo": "-",
    "numuneUcreti": 0,
    "numuneRengi": "Siyah",
    "orguImages": [],
    "dikimImages": [],
    "uretimImages": [],
    "pazarlamaImages": [],
    "resimler": []
  },
  {
    "musteri": "MESYOGA",
    "urunAciklama": "BRA",
    "urunIcerik": "",
    "tarih": "2025-08-05",
    "teslimTarihi": "",
    "orgu": "",
    "dikim": "",
    "uretim": "",
    "pazarlama": "",
    "durum": "Boyada",
    "guncellemeTarihi": "05.08.2025 18:15:33",
    "guncelleyenKisi": "Sistem Yöneticisi",
    "artNo": "-",
    "costArtNo": "-",
    "numuneUcreti": 0,
    "numuneRengi": "SİYAH",
    "orguImages": [],
    "dikimImages": [],
    "uretimImages": [],
    "pazarlamaImages": [],
    "resimler": []
  },
  {
    "musteri": "MESYOGA",
    "urunAciklama": "CROP TOP",
    "urunIcerik": "",
    "tarih": "2025-08-05",
    "teslimTarihi": "",
    "orgu": "",
    "dikim": "",
    "uretim": "",
    "pazarlama": "",
    "durum": "Boyada",
    "guncellemeTarihi": "05.08.2025 18:16:06",
    "guncelleyenKisi": "Sistem Yöneticisi",
    "artNo": "-",
    "costArtNo": "-",
    "numuneUcreti": 0,
    "numuneRengi": "SİYAH",
    "orguImages": [],
    "dikimImages": [],
    "uretimImages": [],
    "pazarlamaImages": [],
    "resimler": []
  },
  {
    "musteri": "MESYOGA",
    "urunAciklama": "TAYT",
    "urunIcerik": "NYLON ELASTAN",
    "tarih": "2025-08-05",
    "teslimTarihi": "",
    "orgu": "",
    "dikim": "",
    "uretim": "",
    "pazarlama": "",
    "durum": "Boyada",
    "guncellemeTarihi": "05.08.2025 18:16:40",
    "guncelleyenKisi": "Sistem Yöneticisi",
    "artNo": "-",
    "costArtNo": "-",
    "numuneUcreti": 0,
    "numuneRengi": "SİYAH-",
    "orguImages": [],
    "dikimImages": [],
    "uretimImages": [],
    "pazarlamaImages": [],
    "resimler": []
  },
  {
    "musteri": "CUERA",
    "urunAciklama": "Kolluk",
    "urunIcerik": "cat + nylon",
    "tarih": "2025-07-05",
    "teslimTarihi": "",
    "orgu": "",
    "dikim": "",
    "uretim": "",
    "pazarlama": "",
    "durum": "Dikimde",
    "guncellemeTarihi": "05.08.2025 23:48:44",
    "guncelleyenKisi": "Sistem Yöneticisi",
    "artNo": "",
    "costArtNo": "",
    "numuneUcreti": 0,
    "orguImages": [],
    "dikimImages": [],
    "uretimImages": [],
    "pazarlamaImages": [],
    "resimler": []
  }
]