[
  {
    "baslik": "5788",
    "aciklama": "denem düzenlendi \n1",
    "sorumlu": "muhasebe",
    "hedefTarih": "2025-07-09",
    "durum": "Tamamlandı",
    "atamaTarihi": "10.07.2025 17:58:08",
    "tamamlanmaTarihi": "30.07.2025 20:32:15",
    "tamamlayan": "arge"
  },
  {
    "baslik": "smih44444",
    "aciklama": "owejfwejf",
    "sorumlu": "arge",
    "hedefTarih": "",
    "durum": "Atandı",
    "atamaTarihi": "31.07.2025 22:08:36",
    "tamamlanmaTarihi": null,
    "tamamlayan": null
  },
  {
    "baslik": "dfwefw",
    "aciklama": "Deneme ewfwef",
    "sorumlu": "dikim",
    "hedefTarih": "2025-07-24",
    "oncelik": "yuksek",
    "durum": "Atandı",
    "atamaTarihi": "31.07.2025 22:18:23",
    "tamamlanmaTarihi": null,
    "tamamlayan": null,
    "atayanKullanici": "arge"
  },
  {
    "baslik": "smih44444",
    "aciklama": "owejfwejf",
    "sorumlu": "arge",
    "hedefTarih": "",
    "durum": "Tamamlandı",
    "atamaTarihi": "31.07.2025 22:08:36",
    "tamamlanmaTarihi": "31.07.2025 22:18:57",
    "tamamlayan": "arge"
  },
  {
    "baslik": "semih turan sana söylüuortm",
    "aciklama": "bu site bitecek ",
    "sorumlu": "planlama",
    "hedefTarih": "2025-08-07",
    "oncelik": "yuksek",
    "durum": "Atandı",
    "atamaTarihi": "8/5/2025, 11:08:56 PM",
    "tamamlanmaTarihi": null,
    "tamamlayan": null,
    "atayanKullanici": "arge"
  },
  {
    "baslik": "semih turan sana söylüuortm",
    "aciklama": "bu site bitecek ",
    "sorumlu": "planlama",
    "hedefTarih": "2025-08-07",
    "oncelik": "yuksek",
    "durum": "Tamamlandı",
    "atamaTarihi": "8/5/2025, 11:08:56 PM",
    "tamamlanmaTarihi": "8/5/2025, 11:09:29 PM",
    "tamamlayan": "arge",
    "atayanKullanici": "arge"
  }
]