[
  {
    "tip": "fff",
    "urunAdi": "fsfsdf",
    "ureticiAdi": "sdsfs",
    "stokDurumu": "Stokta",
    "miktar": "1",
    "birim": "adet",
    "lotNo": "fsdf",
    "tarih": "2214-02-11",
    "kullanici": "planlama",
    "kayitTarihi": "31.07.2025 14:37:13",
    "index": 0,
    "guncelleyenKullanici": "planlama",
    "guncellemeTarihi": "05.08.2025 12:51:45"
  },
  {
    "tip": "fff",
    "urunAdi": "fsfsdf",
    "ureticiAdi": "sdsfs",
    "stokDurumu": "Stokta değil",
    "miktar": "4",
    "birim": "kg",
    "lotNo": "fsdf",
    "tarih": "2214-02-11",
    "kullanici": "planlama",
    "kayitTarihi": "31.07.2025 14:37:13"
  },
  {
    "tip": "Deme Tür",
    "urunAdi": "6456",
    "ureticiAdi": "45456",
    "stokDurumu": "Stokta",
    "miktar": "64565464",
    "birim": "kg",
    "lotNo": "77",
    "tarih": "2025-08-15",
    "minStokMiktari": "10",
    "konum": "Depo",
    "notlar": "",
    "kullanici": "planlama",
    "kayitTarihi": "04.08.2025 02:16:13"
  },
  {
    "tip": "Deme Tür",
    "urunAdi": "tayt",
    "ureticiAdi": "54353434",
    "stokDurumu": "Stokta",
    "miktar": "8",
    "birim": "kg",
    "lotNo": "54354353",
    "tarih": "2025-08-13",
    "minStokMiktari": "10",
    "konum": "Depo",
    "notlar": "54353",
    "kullanici": "planlama",
    "kayitTarihi": "04.08.2025 02:17:08"
  },
  {
    "tip": "Deme Tür",
    "urunAdi": "432",
    "ureticiAdi": "23423",
    "stokDurumu": "Stokta",
    "miktar": "3242",
    "birim": "kg",
    "lotNo": "4343",
    "tarih": "2025-08-06",
    "minStokMiktari": "10",
    "konum": "Depo",
    "notlar": "",
    "kullanici": "planlama",
    "kayitTarihi": "04.08.2025 02:31:08"
  }
]