[
  {
    "firmaAdi": "murat Ruşen",
    "iletisimKisi": "Murat",
    "telefon": "06454564546",
    "email": "464646446464@123.com",
    "adres": "",
    "ulke": "Türkiye",
    "vergiNo": "",
    "iban": "",
    "notlar": "Ayar halka, Askı lastiği tedarikçisi",
    "deger": 500000,
    "kategori": "Aksesuar",
    "durum": "Aktif",
    "kayitTarihi": "02.08.2025 14:53:52",
    "id": "1754135632151"
  },
  {
    "firmaAdi": "Elasteks",
    "iletisimKisi": "gökhan bey",
    "telefon": "024665655656565656",
    "email": "ssssss@elasteks.com.tr",
    "adres": "",
    "ulke": "Türkiye",
    "vergiNo": "",
    "iban": "",
    "notlar": "",
    "deger": 35,
    "kategori": "İplik",
    "durum": "Aktif",
    "kayitTarihi": "03.08.2025 21:56:56",
    "id": "1754247416863"
  },
  {
    "firmaAdi": "Tekstil A.S.",
    "kategori": "Iplik",
    "iletisimKisi": "Ahmet Yilmaz",
    "telefon": "+90 212 555 0101",
    "email": "ahmet@tekstila.com",
    "adres": "Istanbul",
    "durum": "aktif",
    "vergiNo": "1234567890",
    "paraBirimi": "EUR",
    "id": "1754253796611",
    "kayitTarihi": "03.08.2025 23:43:16",
    "deger": 6500
  },
  {
    "firmaAdi": "Kumas Ltd.",
    "kategori": "Kumas",
    "iletisimKisi": "Fatma Demir",
    "telefon": "+90 232 555 0202",
    "email": "fatma@kumasltd.com",
    "adres": "Izmir",
    "durum": "aktif",
    "vergiNo": "0987654321",
    "paraBirimi": "EUR",
    "id": "1754253815946",
    "kayitTarihi": "03.08.2025 23:43:35",
    "deger": 650000
  },
  {
    "firmaAdi": "ENSAR VATKA",
    "iletisimKisi": "33333",
    "telefon": "3333",
    "email": "333@gmail.com",
    "adres": "",
    "ulke": "Türkiye",
    "vergiNo": "1111111",
    "iban": "",
    "notlar": "CUP üreticisi",
    "deger": 0,
    "kategori": "Aksesuar",
    "durum": "Aktif",
    "kayitTarihi": "04.08.2025 01:20:57",
    "id": "1754259657689"
  },
  {
    "firmaAdi": "deneme",
    "iletisimKisi": "434",
    "telefon": "",
    "email": "44@ddd.com",
    "adres": "4444",
    "ulke": "Türkiye",
    "vergiNo": "44",
    "iban": "444",
    "notlar": "44",
    "deger": 0,
    "kategori": "İplik",
    "durum": "Aktif",
    "kayitTarihi": "04.08.2025 02:42:26",
    "id": "1754264546486"
  }
]